,model_description,learning rate,Epochs,params
0,2000 training pavement and poorly labelled images,0.01,25,"{'loss': [0.587259829044342, 0.5517587065696716, 0.5316160917282104, 0.49825993180274963, 0.4810829162597656, 0.4607103168964386, 0.4433723986148834, 0.42898523807525635, 0.41147494316101074, 0.39646920561790466, 0.381774365901947, 0.3706304728984833, 0.36087918281555176, 0.357127845287323, 0.33895620703697205, 0.3293941915035248, 0.3212977349758148, 0.31325751543045044, 0.3065788447856903, 0.298884779214859, 0.2950352728366852, 0.2909577190876007, 0.2812916338443756, 0.28585946559906006, 0.2746419906616211], 'iou_score': [0.5178086757659912, 0.5463606715202332, 0.5633769035339355, 0.5904055833816528, 0.6040112376213074, 0.6198563575744629, 0.6341581344604492, 0.6464427709579468, 0.6601988077163696, 0.6733453869819641, 0.6848394870758057, 0.6941942572593689, 0.7005773782730103, 0.7033277750015259, 0.7197514772415161, 0.7273373007774353, 0.7336167097091675, 0.7403278946876526, 0.7460569739341736, 0.7519559860229492, 0.7553685307502747, 0.7585405707359314, 0.7663729190826416, 0.7620409727096558, 0.7721627950668335], 'val_loss': [0.8134040236473083, 1.0601412057876587, 0.6537876129150391, 0.6366621851921082, 0.680484414100647, 0.5682717561721802, 0.6238831877708435, 0.5669015049934387, 0.5823314785957336, 0.6821893453598022, 0.6505398750305176, 0.6182929277420044, 0.6103847622871399, 0.6568607091903687, 0.5763483047485352, 0.5884305834770203, 0.5529667735099792, 0.5710020065307617, 0.5276970863342285, 0.5785950422286987, 0.5755285620689392, 0.5571017265319824, 0.602397620677948, 0.5563989877700806, 0.6601110100746155], 'val_iou_score': [0.2717176079750061, 0.18054407835006714, 0.38166239857673645, 0.3989614248275757, 0.3587477207183838, 0.45841309428215027, 0.4137819707393646, 0.4643552303314209, 0.4582647383213043, 0.36392560601234436, 0.3987577259540558, 0.4224534034729004, 0.4261779487133026, 0.3935411870479584, 0.4550727903842926, 0.4493909776210785, 0.4789005517959595, 0.4637899398803711, 0.5024871826171875, 0.4661538600921631, 0.46266910433769226, 0.478386253118515, 0.43350622057914734, 0.48171091079711914, 0.390593022108078]}"
