,model_description,learning rate,Epochs,params
0,2000 training pavement and poorly labelled images,0.0001,25,"{'loss': [1.4049890041351318, 1.2962993383407593, 1.2120020389556885, 1.13364839553833, 1.0546996593475342, 0.9758493900299072, 0.8965911269187927, 0.8207430243492126, 0.7506536841392517, 0.6842570304870605, 0.6273322701454163, 0.5774732232093811, 0.5344221591949463, 0.5026858448982239, 0.4718932807445526, 0.4469465911388397, 0.4283790588378906, 0.40828728675842285, 0.39180031418800354, 0.3804854154586792, 0.3689536452293396, 0.3552156686782837, 0.34586673974990845, 0.3356812000274658, 0.328622967004776], 'iou_score': [0.08436652272939682, 0.09947745501995087, 0.11510773003101349, 0.13507843017578125, 0.16399748623371124, 0.20160827040672302, 0.24830912053585052, 0.300147145986557, 0.35349395871162415, 0.4062306880950928, 0.45442864298820496, 0.49793922901153564, 0.5352805852890015, 0.5641015768051147, 0.5910986065864563, 0.6134776473045349, 0.6296943426132202, 0.6483564376831055, 0.6632277965545654, 0.6725045442581177, 0.6837355494499207, 0.6957246661186218, 0.7035626173019409, 0.7134253978729248, 0.7197235822677612], 'val_loss': [1.5360331535339355, 1.4299689531326294, 1.335465431213379, 1.2532697916030884, 1.1568434238433838, 1.0981942415237427, 1.0579602718353271, 1.0146093368530273, 0.9673787951469421, 0.9332899451255798, 0.8884801268577576, 0.8709740042686462, 0.8259779214859009, 0.805013120174408, 0.7800908088684082, 0.7625659108161926, 0.7953141331672668, 0.7208768129348755, 0.7112905979156494, 0.7139472365379333, 0.6944327354431152, 0.7213062644004822, 0.6794525980949402, 0.6640515923500061, 0.6724914312362671], 'val_iou_score': [0.01113063469529152, 0.012094737030565739, 0.012568216770887375, 0.014826599508523941, 0.015540611930191517, 0.021493591368198395, 0.03997610881924629, 0.06891346722841263, 0.10233545303344727, 0.1380952000617981, 0.17488956451416016, 0.18246589601039886, 0.21743683516979218, 0.23948228359222412, 0.26434898376464844, 0.27800536155700684, 0.241582989692688, 0.31912514567375183, 0.32502079010009766, 0.3208328187465668, 0.34091296792030334, 0.31107163429260254, 0.35573866963386536, 0.37488675117492676, 0.3688194751739502]}"
