,model_description,learning rate,Epochs,params
0,2000 training pavement and poorly labelled images,0.001,20,"{'loss': [0.639948844909668, 0.5858184099197388, 0.5505272150039673, 0.5215978026390076, 0.4936295449733734, 0.4729004204273224, 0.46420153975486755, 0.4431864619255066, 0.4266078472137451, 0.4152320921421051, 0.4059596657752991, 0.38418495655059814, 0.38729268312454224, 0.3623640537261963, 0.3492867052555084, 0.343395471572876, 0.3181982934474945, 0.30959364771842957, 0.30384430289268494, 0.3012143671512604], 'iou_score': [0.47073835134506226, 0.5156063437461853, 0.5466971397399902, 0.5690833926200867, 0.5928882360458374, 0.6091457009315491, 0.6160948276519775, 0.6336629390716553, 0.6469822525978088, 0.6562052369117737, 0.6639245748519897, 0.6818269491195679, 0.6795954704284668, 0.6996196508407593, 0.7098592519760132, 0.7149115800857544, 0.7350953221321106, 0.7419816851615906, 0.7471566796302795, 0.7498409748077393], 'val_loss': [1.215290904045105, 0.8301652073860168, 0.6712112426757812, 0.681690514087677, 0.6015851497650146, 0.6946109533309937, 0.6126247048377991, 0.6873107552528381, 0.6666260957717896, 0.8418791890144348, 0.6430184841156006, 0.5730305314064026, 0.5872830748558044, 0.6988604068756104, 0.5989581942558289, 0.6398997902870178, 0.5903529524803162, 0.5976089239120483, 0.5855116248130798, 0.5733042359352112], 'val_iou_score': [0.08908453583717346, 0.2304236739873886, 0.35706961154937744, 0.3652971684932709, 0.4303579032421112, 0.3517228662967682, 0.418840616941452, 0.35837897658348083, 0.37076881527900696, 0.24391435086727142, 0.3949697017669678, 0.45541179180145264, 0.43955326080322266, 0.35299015045166016, 0.43210139870643616, 0.39587417244911194, 0.4417387545108795, 0.4363696277141571, 0.4458247423171997, 0.4568535387516022], 'lr': [0.001, 0.001, 0.001, 0.001, 0.001, 0.001, 0.001, 0.001, 0.001, 0.001, 0.001, 0.001, 0.001, 0.001, 0.001, 0.001, 0.000100000005, 0.000100000005, 0.000100000005, 0.000100000005]}"
